{"accuracy": [0.5462408661842346, 0.8161462545394897, 0.8803044557571411, 0.9095383882522583, 0.9264954924583435, 0.939298689365387, 0.9500249028205872, 0.9569955468177795, 0.9631125926971436, 0.9659719467163086], "loss": [1.5733174085617065, 0.6084548830986023, 0.39337223768234253, 0.3018897771835327, 0.24530191719532013, 0.20777419209480286, 0.17626354098320007, 0.15739546716213226, 0.13605797290802002, 0.12621137499809265], "val_accuracy": [0.8042340278625488, 0.846687912940979, 0.9226610660552979, 0.9239130616188049, 0.9367744326591492, 0.9329046010971069, 0.930343747138977, 0.9511154294013977, 0.9579444527626038, 0.9508877992630005], "val_loss": [0.6347330808639526, 0.5172185301780701, 0.2710999548435211, 0.2535351514816284, 0.2204950600862503, 0.24428103864192963, 0.32513806223869324, 0.20614342391490936, 0.16563424468040466, 0.24742187559604645]}